post_id,timestamp,email,post_type,post_audience,active_subscription,country,city,region,device_type,client_os,client_type,user_agent
165672217,2025-06-11T01:12:10.000Z,bigbangcouple0821@gmail.com,newsletter,everyone,true,US,,,,,,Mozilla/5.0
165672217,2025-06-11T01:12:16.995Z,joseph.bedell@gmail.com,newsletter,everyone,false,US,,,,,,Mozilla/5.0
165672217,2025-06-11T01:38:05.483Z,reagan.calcari@gmail.com,newsletter,everyone,true,US,,,,,,Mozilla/5.0 (Windows NT 5.1; rv:11.0) Gecko Firefox/11.0 (via ggpht.com GoogleImageProxy)
165672217,2025-06-11T02:00:56.441Z,maryam.ghoojaei@gmail.com,newsletter,everyone,true,US,,,,,,Mozilla/5.0 (Windows NT 5.1; rv:11.0) Gecko Firefox/11.0 (via ggpht.com GoogleImageProxy)
165672217,2025-06-11T02:17:45.158Z,yfb888@gmail.com,newsletter,everyone,true,US,,,,,,Mozilla/5.0
165672217,2025-06-11T04:06:54.977Z,bbarbazuk@gmail.com,newsletter,everyone,true,US,,,,,,Mozilla/5.0
165672217,2025-06-11T10:53:16.864Z,bigbangcouple0821@gmail.com,newsletter,everyone,true,US,,,,,,Mozilla/5.0 (Windows NT 5.1; rv:11.0) Gecko Firefox/11.0 (via ggpht.com GoogleImageProxy)
165672217,2025-06-11T10:53:16.975Z,sbdayton@gmail.com,newsletter,everyone,true,US,,,,,,Mozilla/5.0 (Windows NT 5.1; rv:11.0) Gecko Firefox/11.0 (via ggpht.com GoogleImageProxy)
165672217,2025-06-11T12:57:32.515Z,Karenalta@bellsouth.net,newsletter,everyone,true,US,,,,,,Mozilla/5.0 (Windows NT 10.0; Win64; x64; rv:128.0) Gecko/20100101 Thunderbird/128.11.0
165672217,2025-06-11T13:06:38.205Z,Karenalta@bellsouth.net,newsletter,everyone,true,US,,,,,,Mozilla/5.0 (Windows NT 10.0; Win64; x64; rv:128.0) Gecko/20100101 Thunderbird/128.11.0
165672217,2025-06-11T17:11:46.090Z,bbarbazuk@gmail.com,newsletter,everyone,true,US,,,,,,Mozilla/5.0 (Windows NT 5.1; rv:11.0) Gecko Firefox/11.0 (via ggpht.com GoogleImageProxy)
165672217,2025-06-11T17:27:17.852Z,Karenalta@bellsouth.net,newsletter,everyone,true,NL,,,,,,Mozilla/5.0
165672217,2025-06-11T22:14:45.602Z,Karenalta@bellsouth.net,newsletter,everyone,true,US,,,,,,Mozilla/5.0 (Windows NT 10.0; Win64; x64; rv:128.0) Gecko/20100101 Thunderbird/128.11.0
165672217,2025-06-12T11:10:12.171Z,Karenalta@bellsouth.net,newsletter,everyone,true,US,,,,,,Mozilla/5.0 (Windows NT 10.0; Win64; x64; rv:128.0) Gecko/20100101 Thunderbird/128.11.0
165672217,2025-06-12T14:36:06.990Z,joseph.bedell@gmail.com,newsletter,everyone,false,JM,,,,,,Mozilla/5.0
165672217,2025-06-12T23:20:29.525Z,fmatheny4@gmail.com,newsletter,everyone,true,US,,,,,,Mozilla/5.0 (Windows NT 5.1; rv:11.0) Gecko Firefox/11.0 (via ggpht.com GoogleImageProxy)
165672217,2025-06-15T17:55:47.642Z,Karenalta@bellsouth.net,newsletter,everyone,true,US,,,,,,Mozilla/5.0 (Windows NT 10.0; Win64; x64; rv:128.0) Gecko/20100101 Thunderbird/128.11.1
165672217,2025-06-15T18:05:30.649Z,Karenalta@bellsouth.net,newsletter,everyone,true,US,,,,,,Mozilla/5.0 (Windows NT 10.0; Win64; x64; rv:128.0) Gecko/20100101 Thunderbird/128.11.1
165672217,2025-06-15T18:23:14.708Z,Karenalta@bellsouth.net,newsletter,everyone,true,US,,,,,,Mozilla/5.0 (Windows NT 10.0; Win64; x64; rv:128.0) Gecko/20100101 Thunderbird/128.11.1
165672217,2025-06-16T00:50:24.030Z,bbarbazuk@gmail.com,newsletter,everyone,true,US,,,,,,Mozilla/5.0
165672217,2025-06-18T08:31:50.312Z,jeanie4005@gmail.com,newsletter,everyone,true,US,,,,,,Mozilla/5.0 (Windows NT 5.1; rv:11.0) Gecko Firefox/11.0 (via ggpht.com GoogleImageProxy)
