email,active_subscription,expiry,plan,email_disabled,created_at
SandraJoAdam@gmail.com,false,,other,false,2025-06-09T15:42:42.018Z
randall_k@yahoo.com,false,,other,false,2025-06-11T18:14:02.285Z
koushik.rp@gmail.com,false,,other,false,2025-06-12T02:29:35.876Z
tllhankins@gmail.com,false,,other,false,2025-06-07T18:18:04.012Z
kwylie5@yahoo.com,false,,other,false,2025-06-05T23:52:22.312Z
mmadaras1@earthlink.net,false,,other,false,2025-06-11T20:53:44.082Z
news4dan@hotmail.com,false,,other,false,2025-06-17T13:47:46.672Z
mgmcmanus@outlook.com,false,,other,false,2025-06-17T13:35:24.874Z
sbdayton@gmail.com,false,,other,false,2025-06-06T15:53:11.262Z
jcschloss@gmail.com,false,,other,false,2025-06-12T23:37:18.050Z
jzihlmann@outlook.com,false,,other,false,2025-06-12T12:43:42.039Z
aubrey@levf.org,false,,other,false,2025-06-13T20:33:26.646Z
snowmassive@gmail.com,false,,other,false,2025-06-12T01:43:55.280Z
jeanie4005@gmail.com,false,,other,false,2025-06-10T14:40:28.707Z
nic@encina.net,false,,other,false,2025-06-09T17:19:07.951Z
yfb888@gmail.com,false,,other,false,2025-06-07T20:24:56.993Z
fmatheny4@gmail.com,false,,other,false,2025-06-09T14:30:10.284Z
groovy14u@yahoo.com,false,,other,false,2025-06-09T18:11:27.799Z
Karenalta@bellsouth.net,false,,other,false,2025-06-09T19:20:17.565Z
maryam.ghoojaei@gmail.com,false,,other,false,2025-06-10T03:31:07.316Z
bbarbazuk@gmail.com,false,,other,false,2025-06-10T06:33:05.848Z
bigbangcouple0821@gmail.com,false,,other,false,2025-06-10T14:58:59.549Z
reagan.calcari@gmail.com,false,,other,false,2025-06-10T19:38:17.415Z
dianeherring1@yahoo.com,false,,other,false,2025-06-14T13:28:57.337Z
